County Name,Age Group,Doses Administered
Anderson,16-49 years,"1,413"
Anderson,50-64 years,"2,042"
Anderson,65-79 years,"3,472"
Anderson,80+ years,"1,009"
Anderson,Unknown,2
Andrews,16-49 years,"3,288"
Andrews,50-64 years,"2,442"
Andrews,65-79 years,"1,708"
Andrews,80+ years,566
Angelina,16-49 years,"5,590"
Angelina,50-64 years,"6,880"
Angelina,65-79 years,"9,186"
Angelina,80+ years,"3,024"
Angelina,Unknown,14
Aransas,16-49 years,"1,162"
Aransas,50-64 years,"2,243"
Aransas,65-79 years,"4,547"
Aransas,80+ years,"1,327"
Aransas,Unknown,2
Archer,16-49 years,793
Archer,50-64 years,968
Archer,65-79 years,"1,302"
Archer,80+ years,396
Armstrong,16-49 years,142
Armstrong,50-64 years,186
Armstrong,65-79 years,343
Armstrong,80+ years,105
Armstrong,Unknown,1
Atascosa,16-49 years,"3,100"
Atascosa,50-64 years,"3,297"
Atascosa,65-79 years,"3,752"
Atascosa,80+ years,947
Atascosa,Unknown,3
Austin,16-49 years,"1,957"
Austin,50-64 years,"2,553"
Austin,65-79 years,"4,746"
Austin,80+ years,"1,418"
Austin,Unknown,3
Bailey,16-49 years,972
Bailey,50-64 years,944
Bailey,65-79 years,855
Bailey,80+ years,314
Bailey,Unknown,2
Bandera,16-49 years,948
Bandera,50-64 years,"1,614"
Bandera,65-79 years,"3,066"
Bandera,80+ years,776
Bandera,Unknown,4
Bastrop,16-49 years,"5,531"
Bastrop,50-64 years,"5,869"
Bastrop,65-79 years,"7,228"
Bastrop,80+ years,"1,608"
Bastrop,Unknown,5
Baylor,16-49 years,272
Baylor,50-64 years,452
Baylor,65-79 years,792
Baylor,80+ years,257
Baylor,Unknown,2
Bee,16-49 years,"4,052"
Bee,50-64 years,"4,145"
Bee,65-79 years,"4,003"
Bee,80+ years,"1,125"
Bee,Unknown,9
Bell,16-49 years,"22,463"
Bell,50-64 years,"17,422"
Bell,65-79 years,"23,020"
Bell,80+ years,"7,190"
Bell,Unknown,20
Bexar,16-49 years,"248,774"
Bexar,50-64 years,"173,852"
Bexar,65-79 years,"175,262"
Bexar,80+ years,"43,540"
Bexar,Unknown,271
Blanco,16-49 years,516
Blanco,50-64 years,"1,011"
Blanco,65-79 years,"2,273"
Blanco,80+ years,518
Blanco,Unknown,3
Borden,16-49 years,37
Borden,50-64 years,42
Borden,65-79 years,76
Borden,80+ years,19
Bosque,16-49 years,"1,026"
Bosque,50-64 years,"1,549"
Bosque,65-79 years,"2,771"
Bosque,80+ years,966
Bosque,Unknown,1
Bowie,16-49 years,"4,328"
Bowie,50-64 years,"5,039"
Bowie,65-79 years,"6,913"
Bowie,80+ years,"2,489"
Bowie,Unknown,10
Brazoria,16-49 years,"41,150"
Brazoria,50-64 years,"32,979"
Brazoria,65-79 years,"37,702"
Brazoria,80+ years,"10,045"
Brazoria,Unknown,20
Brazos,16-49 years,"22,954"
Brazos,50-64 years,"15,151"
Brazos,65-79 years,"18,316"
Brazos,80+ years,"6,207"
Brazos,Unknown,25
Brewster,16-49 years,"1,603"
Brewster,50-64 years,"1,459"
Brewster,65-79 years,"1,844"
Brewster,80+ years,423
Brewster,Unknown,11
Briscoe,16-49 years,125
Briscoe,50-64 years,180
Briscoe,65-79 years,323
Briscoe,80+ years,123
Brooks,16-49 years,"1,098"
Brooks,50-64 years,"1,024"
Brooks,65-79 years,"1,054"
Brooks,80+ years,353
Brown,16-49 years,"1,901"
Brown,50-64 years,"2,397"
Brown,65-79 years,"3,714"
Brown,80+ years,"1,131"
Brown,Unknown,6
Burleson,16-49 years,845
Burleson,50-64 years,"1,501"
Burleson,65-79 years,"2,354"
Burleson,80+ years,721
Burleson,Unknown,4
Burnet,16-49 years,"1,966"
Burnet,50-64 years,"2,772"
Burnet,65-79 years,"6,458"
Burnet,80+ years,"2,351"
Burnet,Unknown,3
Caldwell,16-49 years,"2,531"
Caldwell,50-64 years,"2,492"
Caldwell,65-79 years,"3,270"
Caldwell,80+ years,942
Caldwell,Unknown,5
Calhoun,16-49 years,"1,277"
Calhoun,50-64 years,"1,663"
Calhoun,65-79 years,"2,168"
Calhoun,80+ years,749
Calhoun,Unknown,5
Callahan,16-49 years,771
Callahan,50-64 years,"1,016"
Callahan,65-79 years,"1,460"
Callahan,80+ years,484
Cameron,16-49 years,"58,694"
Cameron,50-64 years,"41,511"
Cameron,65-79 years,"48,157"
Cameron,80+ years,"12,500"
Cameron,Unknown,126
Camp,16-49 years,545
Camp,50-64 years,676
Camp,65-79 years,"1,309"
Camp,80+ years,417
Camp,Unknown,1
Carson,16-49 years,361
Carson,50-64 years,532
Carson,65-79 years,728
Carson,80+ years,252
Carson,Unknown,1
Cass,16-49 years,772
Cass,50-64 years,"1,364"
Cass,65-79 years,"2,349"
Cass,80+ years,706
Cass,Unknown,2
Castro,16-49 years,555
Castro,50-64 years,635
Castro,65-79 years,914
Castro,80+ years,391
Castro,Unknown,1
Chambers,16-49 years,"3,051"
Chambers,50-64 years,"3,161"
Chambers,65-79 years,"4,344"
Chambers,80+ years,992
Chambers,Unknown,18
Cherokee,16-49 years,"2,204"
Cherokee,50-64 years,"2,811"
Cherokee,65-79 years,"4,638"
Cherokee,80+ years,"1,413"
Cherokee,Unknown,13
Childress,16-49 years,715
Childress,50-64 years,599
Childress,65-79 years,752
Childress,80+ years,298
Childress,Unknown,3
Clay,16-49 years,860
Clay,50-64 years,"1,542"
Clay,65-79 years,"2,188"
Clay,80+ years,624
Clay,Unknown,2
Cochran,16-49 years,419
Cochran,50-64 years,412
Cochran,65-79 years,318
Cochran,80+ years,104
Cochran,Unknown,4
Coke,16-49 years,139
Coke,50-64 years,315
Coke,65-79 years,508
Coke,80+ years,211
Coleman,16-49 years,349
Coleman,50-64 years,546
Coleman,65-79 years,984
Coleman,80+ years,349
Coleman,Unknown,1
Collin,16-49 years,"132,279"
Collin,50-64 years,"101,541"
Collin,65-79 years,"109,829"
Collin,80+ years,"26,723"
Collin,Unknown,164
Collingsworth,16-49 years,180
Collingsworth,50-64 years,282
Collingsworth,65-79 years,403
Collingsworth,80+ years,172
Collingsworth,Unknown,3
Colorado,16-49 years,996
Colorado,50-64 years,"1,769"
Colorado,65-79 years,"3,458"
Colorado,80+ years,"1,143"
Colorado,Unknown,1
Comal,16-49 years,"13,768"
Comal,50-64 years,"14,184"
Comal,65-79 years,"21,993"
Comal,80+ years,"5,054"
Comal,Unknown,14
Comanche,16-49 years,688
Comanche,50-64 years,"1,165"
Comanche,65-79 years,"2,060"
Comanche,80+ years,826
Comanche,Unknown,2
Concho,16-49 years,187
Concho,50-64 years,275
Concho,65-79 years,534
Concho,80+ years,188
Cooke,16-49 years,"1,658"
Cooke,50-64 years,"2,490"
Cooke,65-79 years,"4,607"
Cooke,80+ years,"1,558"
Cooke,Unknown,6
Coryell,16-49 years,"3,279"
Coryell,50-64 years,"3,230"
Coryell,65-79 years,"4,434"
Coryell,80+ years,"1,529"
Coryell,Unknown,15
Cottle,16-49 years,56
Cottle,50-64 years,150
Cottle,65-79 years,174
Cottle,80+ years,63
Crane,16-49 years,600
Crane,50-64 years,492
Crane,65-79 years,437
Crane,80+ years,124
Crockett,16-49 years,282
Crockett,50-64 years,407
Crockett,65-79 years,537
Crockett,80+ years,137
Crosby,16-49 years,618
Crosby,50-64 years,832
Crosby,65-79 years,934
Crosby,80+ years,337
Culberson,16-49 years,269
Culberson,50-64 years,283
Culberson,65-79 years,328
Culberson,80+ years,72
Dallam,16-49 years,"1,623"
Dallam,50-64 years,779
Dallam,65-79 years,597
Dallam,80+ years,241
Dallam,Unknown,3
Dallas,16-49 years,"275,185"
Dallas,50-64 years,"209,198"
Dallas,65-79 years,"225,423"
Dallas,80+ years,"60,547"
Dallas,Unknown,198
Dawson,16-49 years,505
Dawson,50-64 years,744
Dawson,65-79 years,"1,025"
Dawson,80+ years,346
Dawson,Unknown,6
Deaf Smith,16-49 years,"1,260"
Deaf Smith,50-64 years,"1,470"
Deaf Smith,65-79 years,"1,569"
Deaf Smith,80+ years,571
Deaf Smith,Unknown,4
Delta,16-49 years,215
Delta,50-64 years,277
Delta,65-79 years,639
Delta,80+ years,210
Denton,16-49 years,"95,019"
Denton,50-64 years,"70,995"
Denton,65-79 years,"86,019"
Denton,80+ years,"18,546"
Denton,Unknown,29
DeWitt,16-49 years,857
DeWitt,50-64 years,"1,440"
DeWitt,65-79 years,"2,129"
DeWitt,80+ years,672
DeWitt,Unknown,4
Dickens,16-49 years,90
Dickens,50-64 years,166
Dickens,65-79 years,322
Dickens,80+ years,109
Dickens,Unknown,1
Dimmit,16-49 years,"2,202"
Dimmit,50-64 years,"1,749"
Dimmit,65-79 years,"1,630"
Dimmit,80+ years,379
Dimmit,Unknown,6
Donley,16-49 years,174
Donley,50-64 years,286
Donley,65-79 years,488
Donley,80+ years,203
Donley,Unknown,1
Duval,16-49 years,"1,654"
Duval,50-64 years,"1,688"
Duval,65-79 years,"1,642"
Duval,80+ years,499
Duval,Unknown,6
Eastland,16-49 years,"1,017"
Eastland,50-64 years,"1,320"
Eastland,65-79 years,"1,787"
Eastland,80+ years,722
Eastland,Unknown,2
Ector,16-49 years,"18,379"
Ector,50-64 years,"14,758"
Ector,65-79 years,"11,420"
Ector,80+ years,"3,070"
Ector,Unknown,16
Edwards,16-49 years,373
Edwards,50-64 years,485
Edwards,65-79 years,468
Edwards,80+ years,159
Edwards,Unknown,3
El Paso,16-49 years,"124,240"
El Paso,50-64 years,"84,043"
El Paso,65-79 years,"84,512"
El Paso,80+ years,"28,682"
El Paso,Unknown,267
Ellis,16-49 years,"15,505"
Ellis,50-64 years,"15,370"
Ellis,65-79 years,"21,142"
Ellis,80+ years,"5,497"
Ellis,Unknown,14
Erath,16-49 years,"2,523"
Erath,50-64 years,"2,789"
Erath,65-79 years,"3,938"
Erath,80+ years,"1,527"
Erath,Unknown,5
Falls,16-49 years,862
Falls,50-64 years,"1,230"
Falls,65-79 years,"1,811"
Falls,80+ years,572
Falls,Unknown,2
Fannin,16-49 years,"1,587"
Fannin,50-64 years,"2,465"
Fannin,65-79 years,"4,067"
Fannin,80+ years,"1,459"
Fannin,Unknown,1
Fayette,16-49 years,"1,069"
Fayette,50-64 years,"1,711"
Fayette,65-79 years,"3,839"
Fayette,80+ years,"1,235"
Fayette,Unknown,2
Fisher,16-49 years,148
Fisher,50-64 years,290
Fisher,65-79 years,516
Fisher,80+ years,201
Floyd,16-49 years,520
Floyd,50-64 years,633
Floyd,65-79 years,785
Floyd,80+ years,359
Floyd,Unknown,1
Foard,16-49 years,89
Foard,50-64 years,212
Foard,65-79 years,213
Foard,80+ years,78
Fort Bend,16-49 years,"109,789"
Fort Bend,50-64 years,"83,857"
Fort Bend,65-79 years,"102,404"
Fort Bend,80+ years,"20,309"
Fort Bend,Unknown,80
Franklin,16-49 years,316
Franklin,50-64 years,638
Franklin,65-79 years,"1,261"
Franklin,80+ years,478
Franklin,Unknown,1
Freestone,16-49 years,548
Freestone,50-64 years,970
Freestone,65-79 years,"1,647"
Freestone,80+ years,483
Freestone,Unknown,2
Frio,16-49 years,"1,701"
Frio,50-64 years,"1,586"
Frio,65-79 years,"1,634"
Frio,80+ years,455
Frio,Unknown,1
Gaines,16-49 years,945
Gaines,50-64 years,892
Gaines,65-79 years,816
Gaines,80+ years,317
Gaines,Unknown,2
Galveston,16-49 years,"40,811"
Galveston,50-64 years,"37,182"
Galveston,65-79 years,"45,787"
Galveston,80+ years,"11,809"
Galveston,Unknown,28
Garza,16-49 years,264
Garza,50-64 years,374
Garza,65-79 years,485
Garza,80+ years,174
Gillespie,16-49 years,"1,357"
Gillespie,50-64 years,"1,918"
Gillespie,65-79 years,"5,774"
Gillespie,80+ years,"2,205"
Gillespie,Unknown,7
Glasscock,16-49 years,264
Glasscock,50-64 years,214
Glasscock,65-79 years,165
Glasscock,80+ years,60
Glasscock,Unknown,1
Goliad,16-49 years,430
Goliad,50-64 years,710
Goliad,65-79 years,"1,249"
Goliad,80+ years,383
Goliad,Unknown,1
Gonzales,16-49 years,"1,442"
Gonzales,50-64 years,"1,670"
Gonzales,65-79 years,"2,260"
Gonzales,80+ years,915
Gray,16-49 years,"1,317"
Gray,50-64 years,"1,398"
Gray,65-79 years,"1,910"
Gray,80+ years,758
Gray,Unknown,1
Grayson,16-49 years,"7,275"
Grayson,50-64 years,"8,407"
Grayson,65-79 years,"13,050"
Grayson,80+ years,"4,118"
Grayson,Unknown,24
Gregg,16-49 years,"8,586"
Gregg,50-64 years,"9,350"
Gregg,65-79 years,"12,908"
Gregg,80+ years,"4,668"
Gregg,Unknown,23
Grimes,16-49 years,"1,352"
Grimes,50-64 years,"1,975"
Grimes,65-79 years,"3,174"
Grimes,80+ years,821
Grimes,Unknown,3
Guadalupe,16-49 years,"14,220"
Guadalupe,50-64 years,"12,117"
Guadalupe,65-79 years,"14,213"
Guadalupe,80+ years,"3,567"
Guadalupe,Unknown,21
Hale,16-49 years,"2,472"
Hale,50-64 years,"2,625"
Hale,65-79 years,"2,982"
Hale,80+ years,989
Hall,16-49 years,199
Hall,50-64 years,346
Hall,65-79 years,550
Hall,80+ years,190
Hall,Unknown,6
Hamilton,16-49 years,584
Hamilton,50-64 years,763
Hamilton,65-79 years,"1,303"
Hamilton,80+ years,603
Hansford,16-49 years,382
Hansford,50-64 years,504
Hansford,65-79 years,653
Hansford,80+ years,286
Hardeman,16-49 years,478
Hardeman,50-64 years,451
Hardeman,65-79 years,726
Hardeman,80+ years,200
Hardeman,Unknown,1
Hardin,16-49 years,"3,427"
Hardin,50-64 years,"4,245"
Hardin,65-79 years,"6,728"
Hardin,80+ years,"2,130"
Hardin,Unknown,21
Harris,16-49 years,"501,123"
Harris,50-64 years,"390,344"
Harris,65-79 years,"418,530"
Harris,80+ years,"107,285"
Harris,Unknown,347
Harrison,16-49 years,"2,739"
Harrison,50-64 years,"3,903"
Harrison,65-79 years,"5,825"
Harrison,80+ years,"1,727"
Harrison,Unknown,6
Hartley,16-49 years,"1,252"
Hartley,50-64 years,759
Hartley,65-79 years,613
Hartley,80+ years,193
Hartley,Unknown,2
Haskell,16-49 years,474
Haskell,50-64 years,538
Haskell,65-79 years,798
Haskell,80+ years,363
Haskell,Unknown,1
Hays,16-49 years,"25,446"
Hays,50-64 years,"17,044"
Hays,65-79 years,"22,265"
Hays,80+ years,"5,045"
Hays,Unknown,57
Hemphill,16-49 years,479
Hemphill,50-64 years,401
Hemphill,65-79 years,517
Hemphill,80+ years,159
Hemphill,Unknown,1
Henderson,16-49 years,"2,756"
Henderson,50-64 years,"4,863"
Henderson,65-79 years,"8,939"
Henderson,80+ years,"2,773"
Henderson,Unknown,7
Hidalgo,16-49 years,"123,508"
Hidalgo,50-64 years,"71,816"
Hidalgo,65-79 years,"66,844"
Hidalgo,80+ years,"17,931"
Hidalgo,Unknown,97
Hill,16-49 years,"1,692"
Hill,50-64 years,"2,745"
Hill,65-79 years,"4,505"
Hill,80+ years,"1,488"
Hill,Unknown,4
Hockley,16-49 years,"2,167"
Hockley,50-64 years,"2,217"
Hockley,65-79 years,"2,382"
Hockley,80+ years,772
Hockley,Unknown,2
Hood,16-49 years,"3,463"
Hood,50-64 years,"5,331"
Hood,65-79 years,"10,927"
Hood,80+ years,"3,542"
Hood,Unknown,14
Hopkins,16-49 years,"1,505"
Hopkins,50-64 years,"2,113"
Hopkins,65-79 years,"3,492"
Hopkins,80+ years,"1,352"
Hopkins,Unknown,6
Houston,16-49 years,886
Houston,50-64 years,"1,488"
Houston,65-79 years,"2,453"
Houston,80+ years,874
Houston,Unknown,2
Howard,16-49 years,"2,186"
Howard,50-64 years,"2,095"
Howard,65-79 years,"2,114"
Howard,80+ years,679
Howard,Unknown,6
Hudspeth,16-49 years,688
Hudspeth,50-64 years,341
Hudspeth,65-79 years,412
Hudspeth,80+ years,82
Hudspeth,Unknown,1
Hunt,16-49 years,"4,268"
Hunt,50-64 years,"5,639"
Hunt,65-79 years,"8,562"
Hunt,80+ years,"2,705"
Hunt,Unknown,13
Hutchinson,16-49 years,"1,265"
Hutchinson,50-64 years,"1,649"
Hutchinson,65-79 years,"2,182"
Hutchinson,80+ years,653
Hutchinson,Unknown,2
Irion,16-49 years,84
Irion,50-64 years,195
Irion,65-79 years,228
Irion,80+ years,67
Irion,Unknown,1
Jack,16-49 years,495
Jack,50-64 years,652
Jack,65-79 years,926
Jack,80+ years,438
Jack,Unknown,10
Jackson,16-49 years,957
Jackson,50-64 years,"1,224"
Jackson,65-79 years,"1,987"
Jackson,80+ years,692
Jackson,Unknown,3
Jasper,16-49 years,"1,544"
Jasper,50-64 years,"3,057"
Jasper,65-79 years,"5,079"
Jasper,80+ years,"1,629"
Jasper,Unknown,6
Jeff Davis,16-49 years,350
Jeff Davis,50-64 years,471
Jeff Davis,65-79 years,637
Jeff Davis,80+ years,126
Jeff Davis,Unknown,2
Jefferson,16-49 years,"16,398"
Jefferson,50-64 years,"20,209"
Jefferson,65-79 years,"22,254"
Jefferson,80+ years,"7,358"
Jefferson,Unknown,44
Jim Hogg,16-49 years,977
Jim Hogg,50-64 years,767
Jim Hogg,65-79 years,766
Jim Hogg,80+ years,292
Jim Hogg,Unknown,1
Jim Wells,16-49 years,"6,359"
Jim Wells,50-64 years,"6,194"
Jim Wells,65-79 years,"5,600"
Jim Wells,80+ years,"1,419"
Jim Wells,Unknown,13
Johnson,16-49 years,"11,329"
Johnson,50-64 years,"11,512"
Johnson,65-79 years,"14,655"
Johnson,80+ years,"4,068"
Johnson,Unknown,23
Jones,16-49 years,804
Jones,50-64 years,"1,048"
Jones,65-79 years,"1,610"
Jones,80+ years,544
Jones,Unknown,1
Karnes,16-49 years,944
Karnes,50-64 years,"1,300"
Karnes,65-79 years,"1,648"
Karnes,80+ years,608
Karnes,Unknown,4
Kaufman,16-49 years,"9,583"
Kaufman,50-64 years,"8,311"
Kaufman,65-79 years,"10,184"
Kaufman,80+ years,"2,539"
Kaufman,Unknown,13
Kendall,16-49 years,"4,415"
Kendall,50-64 years,"4,946"
Kendall,65-79 years,"7,531"
Kendall,80+ years,"2,231"
Kendall,Unknown,3
Kenedy,16-49 years,87
Kenedy,50-64 years,110
Kenedy,65-79 years,63
Kenedy,80+ years,18
Kent,16-49 years,44
Kent,50-64 years,58
Kent,65-79 years,115
Kent,80+ years,82
Kerr,16-49 years,"3,055"
Kerr,50-64 years,"3,173"
Kerr,65-79 years,"6,806"
Kerr,80+ years,"2,360"
Kerr,Unknown,2
Kimble,16-49 years,214
Kimble,50-64 years,387
Kimble,65-79 years,871
Kimble,80+ years,289
King,16-49 years,17
King,50-64 years,21
King,65-79 years,15
Kinney,16-49 years,227
Kinney,50-64 years,224
Kinney,65-79 years,459
Kinney,80+ years,179
Kinney,Unknown,2
Kleberg,16-49 years,"7,231"
Kleberg,50-64 years,"4,984"
Kleberg,65-79 years,"4,505"
Kleberg,80+ years,"1,156"
Kleberg,Unknown,13
Knox,16-49 years,319
Knox,50-64 years,447
Knox,65-79 years,512
Knox,80+ years,287
La Salle,16-49 years,"1,624"
La Salle,50-64 years,"1,251"
La Salle,65-79 years,"1,029"
La Salle,80+ years,255
Lamar,16-49 years,"2,908"
Lamar,50-64 years,"4,302"
Lamar,65-79 years,"6,388"
Lamar,80+ years,"2,317"
Lamar,Unknown,9
Lamb,16-49 years,"1,131"
Lamb,50-64 years,"1,472"
Lamb,65-79 years,"1,338"
Lamb,80+ years,644
Lampasas,16-49 years,859
Lampasas,50-64 years,"1,179"
Lampasas,65-79 years,"1,899"
Lampasas,80+ years,588
Lampasas,Unknown,7
Lavaca,16-49 years,913
Lavaca,50-64 years,"1,432"
Lavaca,65-79 years,"2,846"
Lavaca,80+ years,"1,064"
Lavaca,Unknown,8
Lee,16-49 years,837
Lee,50-64 years,"1,100"
Lee,65-79 years,"1,706"
Lee,80+ years,597
Lee,Unknown,3
Leon,16-49 years,405
Leon,50-64 years,787
Leon,65-79 years,"1,785"
Leon,80+ years,544
Leon,Unknown,2
Liberty,16-49 years,"2,602"
Liberty,50-64 years,"3,673"
Liberty,65-79 years,"6,007"
Liberty,80+ years,"1,593"
Liberty,Unknown,5
Limestone,16-49 years,874
Limestone,50-64 years,"1,281"
Limestone,65-79 years,"2,097"
Limestone,80+ years,575
Limestone,Unknown,2
Lipscomb,16-49 years,190
Lipscomb,50-64 years,270
Lipscomb,65-79 years,371
Lipscomb,80+ years,158
Lipscomb,Unknown,3
Live Oak,16-49 years,687
Live Oak,50-64 years,"1,026"
Live Oak,65-79 years,"1,356"
Live Oak,80+ years,386
Live Oak,Unknown,6
Llano,16-49 years,610
Llano,50-64 years,"1,270"
Llano,65-79 years,"3,719"
Llano,80+ years,"1,430"
Llano,Unknown,1
Loving,16-49 years,11
Loving,50-64 years,18
Loving,65-79 years,6
Loving,80+ years,3
Lubbock,16-49 years,"46,782"
Lubbock,50-64 years,"34,295"
Lubbock,65-79 years,"35,436"
Lubbock,80+ years,"10,638"
Lubbock,Unknown,43
Lynn,16-49 years,581
Lynn,50-64 years,652
Lynn,65-79 years,547
Lynn,80+ years,234
Lynn,Unknown,1
Madison,16-49 years,373
Madison,50-64 years,600
Madison,65-79 years,"1,027"
Madison,80+ years,408
Madison,Unknown,1
Marion,16-49 years,354
Marion,50-64 years,578
Marion,65-79 years,911
Marion,80+ years,350
Martin,16-49 years,649
Martin,50-64 years,574
Martin,65-79 years,489
Martin,80+ years,161
Martin,Unknown,1
Mason,16-49 years,214
Mason,50-64 years,345
Mason,65-79 years,829
Mason,80+ years,387
Matagorda,16-49 years,"1,860"
Matagorda,50-64 years,"2,220"
Matagorda,65-79 years,"3,242"
Matagorda,80+ years,867
Matagorda,Unknown,10
Maverick,16-49 years,"6,632"
Maverick,50-64 years,"3,829"
Maverick,65-79 years,"2,997"
Maverick,80+ years,723
Maverick,Unknown,4
McCulloch,16-49 years,289
McCulloch,50-64 years,563
McCulloch,65-79 years,"1,125"
McCulloch,80+ years,376
McCulloch,Unknown,1
McLennan,16-49 years,"19,889"
McLennan,50-64 years,"17,923"
McLennan,65-79 years,"25,051"
McLennan,80+ years,"7,982"
McLennan,Unknown,56
McMullen,16-49 years,41
McMullen,50-64 years,89
McMullen,65-79 years,117
McMullen,80+ years,46
Medina,16-49 years,"3,974"
Medina,50-64 years,"4,426"
Medina,65-79 years,"5,635"
Medina,80+ years,"1,486"
Medina,Unknown,4
Menard,16-49 years,179
Menard,50-64 years,255
Menard,65-79 years,504
Menard,80+ years,157
Midland,16-49 years,"15,887"
Midland,50-64 years,"11,955"
Midland,65-79 years,"12,140"
Midland,80+ years,"3,766"
Midland,Unknown,16
Milam,16-49 years,"1,153"
Milam,50-64 years,"1,785"
Milam,65-79 years,"3,198"
Milam,80+ years,"1,005"
Milam,Unknown,9
Mills,16-49 years,280
Mills,50-64 years,374
Mills,65-79 years,821
Mills,80+ years,335
Mitchell,16-49 years,399
Mitchell,50-64 years,560
Mitchell,65-79 years,725
Mitchell,80+ years,254
Montague,16-49 years,856
Montague,50-64 years,"1,414"
Montague,65-79 years,"2,840"
Montague,80+ years,894
Montgomery,16-49 years,"40,558"
Montgomery,50-64 years,"34,546"
Montgomery,65-79 years,"60,521"
Montgomery,80+ years,"14,408"
Montgomery,Unknown,30
Moore,16-49 years,"3,708"
Moore,50-64 years,"2,742"
Moore,65-79 years,"2,093"
Moore,80+ years,570
Moore,Unknown,6
Morris,16-49 years,395
Morris,50-64 years,630
Morris,65-79 years,"1,139"
Morris,80+ years,442
Morris,Unknown,3
Motley,16-49 years,58
Motley,50-64 years,90
Motley,65-79 years,223
Motley,80+ years,100
Nacogdoches,16-49 years,"4,772"
Nacogdoches,50-64 years,"5,462"
Nacogdoches,65-79 years,"7,364"
Nacogdoches,80+ years,"2,100"
Nacogdoches,Unknown,8
Navarro,16-49 years,"3,821"
Navarro,50-64 years,"5,257"
Navarro,65-79 years,"7,035"
Navarro,80+ years,"1,912"
Navarro,Unknown,5
Newton,16-49 years,427
Newton,50-64 years,900
Newton,65-79 years,"1,409"
Newton,80+ years,409
Nolan,16-49 years,895
Nolan,50-64 years,"1,236"
Nolan,65-79 years,"2,030"
Nolan,80+ years,705
Nolan,Unknown,2
Nueces,16-49 years,"43,049"
Nueces,50-64 years,"36,772"
Nueces,65-79 years,"40,238"
Nueces,80+ years,"9,842"
Nueces,Unknown,50
Ochiltree,16-49 years,"1,155"
Ochiltree,50-64 years,751
Ochiltree,65-79 years,800
Ochiltree,80+ years,261
Ochiltree,Unknown,5
Oldham,16-49 years,127
Oldham,50-64 years,189
Oldham,65-79 years,203
Oldham,80+ years,85
Orange,16-49 years,"3,443"
Orange,50-64 years,"4,897"
Orange,65-79 years,"7,403"
Orange,80+ years,"2,308"
Orange,Unknown,9
Palo Pinto,16-49 years,"1,049"
Palo Pinto,50-64 years,"1,640"
Palo Pinto,65-79 years,"3,022"
Palo Pinto,80+ years,857
Palo Pinto,Unknown,8
Panola,16-49 years,635
Panola,50-64 years,975
Panola,65-79 years,"2,027"
Panola,80+ years,725
Panola,Unknown,3
Parker,16-49 years,"10,080"
Parker,50-64 years,"10,571"
Parker,65-79 years,"15,879"
Parker,80+ years,"4,258"
Parker,Unknown,12
Parmer,16-49 years,"1,081"
Parmer,50-64 years,"1,124"
Parmer,65-79 years,982
Parmer,80+ years,410
Parmer,Unknown,2
Pecos,16-49 years,"3,275"
Pecos,50-64 years,"2,308"
Pecos,65-79 years,"1,812"
Pecos,80+ years,563
Pecos,Unknown,5
Polk,16-49 years,"1,703"
Polk,50-64 years,"3,116"
Polk,65-79 years,"6,638"
Polk,80+ years,"2,073"
Polk,Unknown,9
Potter,16-49 years,"11,112"
Potter,50-64 years,"11,670"
Potter,65-79 years,"12,154"
Potter,80+ years,"4,269"
Potter,Unknown,29
Presidio,16-49 years,"1,984"
Presidio,50-64 years,"1,561"
Presidio,65-79 years,"1,597"
Presidio,80+ years,469
Presidio,Unknown,2
Rains,16-49 years,307
Rains,50-64 years,594
Rains,65-79 years,"1,366"
Rains,80+ years,357
Rains,Unknown,1
Randall,16-49 years,"17,022"
Randall,50-64 years,"15,925"
Randall,65-79 years,"19,012"
Randall,80+ years,"5,393"
Randall,Unknown,27
Reagan,16-49 years,363
Reagan,50-64 years,332
Reagan,65-79 years,292
Reagan,80+ years,63
Real,16-49 years,157
Real,50-64 years,327
Real,65-79 years,937
Real,80+ years,237
Red River,16-49 years,454
Red River,50-64 years,925
Red River,65-79 years,"1,797"
Red River,80+ years,548
Red River,Unknown,1
Reeves,16-49 years,"2,546"
Reeves,50-64 years,"2,293"
Reeves,65-79 years,"1,838"
Reeves,80+ years,516
Reeves,Unknown,4
Refugio,16-49 years,565
Refugio,50-64 years,894
Refugio,65-79 years,"1,136"
Refugio,80+ years,391
Refugio,Unknown,1
Roberts,16-49 years,40
Roberts,50-64 years,50
Roberts,65-79 years,122
Roberts,80+ years,30
Robertson,16-49 years,681
Robertson,50-64 years,"1,189"
Robertson,65-79 years,"2,038"
Robertson,80+ years,634
Robertson,Unknown,3
Rockwall,16-49 years,"10,545"
Rockwall,50-64 years,"9,669"
Rockwall,65-79 years,"11,911"
Rockwall,80+ years,"2,771"
Rockwall,Unknown,8
Runnels,16-49 years,700
Runnels,50-64 years,910
Runnels,65-79 years,"1,438"
Runnels,80+ years,521
Runnels,Unknown,1
Rusk,16-49 years,"1,699"
Rusk,50-64 years,"2,776"
Rusk,65-79 years,"4,519"
Rusk,80+ years,"1,434"
Rusk,Unknown,3
Sabine,16-49 years,276
Sabine,50-64 years,866
Sabine,65-79 years,"1,820"
Sabine,80+ years,633
San Augustine,16-49 years,347
San Augustine,50-64 years,782
San Augustine,65-79 years,"1,353"
San Augustine,80+ years,522
San Augustine,Unknown,7
San Jacinto,16-49 years,725
San Jacinto,50-64 years,"1,539"
San Jacinto,65-79 years,"3,090"
San Jacinto,80+ years,876
San Jacinto,Unknown,5
San Patricio,16-49 years,"5,777"
San Patricio,50-64 years,"6,214"
San Patricio,65-79 years,"7,240"
San Patricio,80+ years,"1,711"
San Patricio,Unknown,10
San Saba,16-49 years,123
San Saba,50-64 years,216
San Saba,65-79 years,539
San Saba,80+ years,184
San Saba,Unknown,1
Schleicher,16-49 years,226
Schleicher,50-64 years,271
Schleicher,65-79 years,475
Schleicher,80+ years,122
Scurry,16-49 years,"1,261"
Scurry,50-64 years,"1,473"
Scurry,65-79 years,"1,807"
Scurry,80+ years,746
Scurry,Unknown,7
Shackelford,16-49 years,156
Shackelford,50-64 years,281
Shackelford,65-79 years,424
Shackelford,80+ years,144
Shelby,16-49 years,676
Shelby,50-64 years,"1,162"
Shelby,65-79 years,"1,853"
Shelby,80+ years,739
Shelby,Unknown,5
Sherman,16-49 years,373
Sherman,50-64 years,328
Sherman,65-79 years,277
Sherman,80+ years,98
Smith,16-49 years,"16,924"
Smith,50-64 years,"17,242"
Smith,65-79 years,"25,218"
Smith,80+ years,"8,843"
Smith,Unknown,19
Somervell,16-49 years,623
Somervell,50-64 years,813
Somervell,65-79 years,"1,322"
Somervell,80+ years,359
Somervell,Unknown,1
Starr,16-49 years,"12,206"
Starr,50-64 years,"7,346"
Starr,65-79 years,"6,369"
Starr,80+ years,"1,706"
Starr,Unknown,17
Stephens,16-49 years,445
Stephens,50-64 years,552
Stephens,65-79 years,934
Stephens,80+ years,374
Sterling,16-49 years,73
Sterling,50-64 years,125
Sterling,65-79 years,138
Sterling,80+ years,45
Stonewall,16-49 years,86
Stonewall,50-64 years,124
Stonewall,65-79 years,252
Stonewall,80+ years,124
Stonewall,Unknown,1
Sutton,16-49 years,245
Sutton,50-64 years,350
Sutton,65-79 years,565
Sutton,80+ years,155
Swisher,16-49 years,485
Swisher,50-64 years,638
Swisher,65-79 years,909
Swisher,80+ years,372
Swisher,Unknown,6
Tarrant,16-49 years,"196,547"
Tarrant,50-64 years,"167,251"
Tarrant,65-79 years,"184,150"
Tarrant,80+ years,"47,966"
Tarrant,Unknown,189
Taylor,16-49 years,"16,052"
Taylor,50-64 years,"13,122"
Taylor,65-79 years,"15,161"
Taylor,80+ years,"5,472"
Taylor,Unknown,16
Terrell,16-49 years,124
Terrell,50-64 years,165
Terrell,65-79 years,184
Terrell,80+ years,53
Terry,16-49 years,"1,393"
Terry,50-64 years,"1,506"
Terry,65-79 years,"1,385"
Terry,80+ years,466
Terry,Unknown,1
Throckmorton,16-49 years,182
Throckmorton,50-64 years,222
Throckmorton,65-79 years,256
Throckmorton,80+ years,160
Titus,16-49 years,"1,328"
Titus,50-64 years,"1,573"
Titus,65-79 years,"2,300"
Titus,80+ years,833
Titus,Unknown,6
Tom Green,16-49 years,"11,338"
Tom Green,50-64 years,"11,571"
Tom Green,65-79 years,"16,214"
Tom Green,80+ years,"5,755"
Tom Green,Unknown,4
Travis,16-49 years,"185,766"
Travis,50-64 years,"94,396"
Travis,65-79 years,"96,578"
Travis,80+ years,"20,608"
Travis,Unknown,186
Trinity,16-49 years,555
Trinity,50-64 years,"1,067"
Trinity,65-79 years,"2,120"
Trinity,80+ years,718
Tyler,16-49 years,628
Tyler,50-64 years,"1,308"
Tyler,65-79 years,"2,807"
Tyler,80+ years,921
Tyler,Unknown,3
Upshur,16-49 years,"1,561"
Upshur,50-64 years,"2,246"
Upshur,65-79 years,"3,455"
Upshur,80+ years,"1,114"
Upshur,Unknown,3
Upton,16-49 years,668
Upton,50-64 years,498
Upton,65-79 years,399
Upton,80+ years,126
Uvalde,16-49 years,"3,296"
Uvalde,50-64 years,"3,086"
Uvalde,65-79 years,"3,989"
Uvalde,80+ years,"1,301"
Uvalde,Unknown,3
Val Verde,16-49 years,"4,235"
Val Verde,50-64 years,"3,303"
Val Verde,65-79 years,"4,625"
Val Verde,80+ years,"1,452"
Val Verde,Unknown,4
Van Zandt,16-49 years,"1,929"
Van Zandt,50-64 years,"2,971"
Van Zandt,65-79 years,"5,351"
Van Zandt,80+ years,"1,945"
Van Zandt,Unknown,2
Victoria,16-49 years,"6,251"
Victoria,50-64 years,"6,885"
Victoria,65-79 years,"9,923"
Victoria,80+ years,"3,375"
Victoria,Unknown,19
Walker,16-49 years,"3,409"
Walker,50-64 years,"3,701"
Walker,65-79 years,"5,360"
Walker,80+ years,"1,674"
Walker,Unknown,5
Waller,16-49 years,"2,322"
Waller,50-64 years,"2,740"
Waller,65-79 years,"4,287"
Waller,80+ years,"1,022"
Waller,Unknown,1
Ward,16-49 years,"1,389"
Ward,50-64 years,"1,287"
Ward,65-79 years,"1,253"
Ward,80+ years,382
Ward,Unknown,5
Washington,16-49 years,"1,853"
Washington,50-64 years,"2,688"
Washington,65-79 years,"5,969"
Washington,80+ years,"2,109"
Washington,Unknown,3
Webb,16-49 years,"50,008"
Webb,50-64 years,"31,324"
Webb,65-79 years,"23,209"
Webb,80+ years,"5,604"
Webb,Unknown,104
Wharton,16-49 years,"2,103"
Wharton,50-64 years,"2,650"
Wharton,65-79 years,"3,887"
Wharton,80+ years,"1,227"
Wharton,Unknown,9
Wheeler,16-49 years,335
Wheeler,50-64 years,452
Wheeler,65-79 years,710
Wheeler,80+ years,251
Wheeler,Unknown,3
Wichita,16-49 years,"10,014"
Wichita,50-64 years,"11,048"
Wichita,65-79 years,"14,944"
Wichita,80+ years,"5,130"
Wichita,Unknown,15
Wilbarger,16-49 years,"1,762"
Wilbarger,50-64 years,"1,587"
Wilbarger,65-79 years,"2,053"
Wilbarger,80+ years,605
Wilbarger,Unknown,6
Willacy,16-49 years,"2,657"
Willacy,50-64 years,"2,149"
Willacy,65-79 years,"2,081"
Willacy,80+ years,609
Willacy,Unknown,10
Williamson,16-49 years,"67,244"
Williamson,50-64 years,"40,953"
Williamson,65-79 years,"47,759"
Williamson,80+ years,"12,700"
Williamson,Unknown,85
Wilson,16-49 years,"3,896"
Wilson,50-64 years,"4,316"
Wilson,65-79 years,"4,623"
Wilson,80+ years,"1,116"
Wilson,Unknown,6
Winkler,16-49 years,815
Winkler,50-64 years,930
Winkler,65-79 years,741
Winkler,80+ years,211
Winkler,Unknown,1
Wise,16-49 years,"3,283"
Wise,50-64 years,"4,229"
Wise,65-79 years,"6,896"
Wise,80+ years,"1,949"
Wise,Unknown,3
Wood,16-49 years,"1,234"
Wood,50-64 years,"2,519"
Wood,65-79 years,"6,418"
Wood,80+ years,"2,123"
Wood,Unknown,5
Yoakum,16-49 years,802
Yoakum,50-64 years,775
Yoakum,65-79 years,696
Yoakum,80+ years,223
Yoakum,Unknown,1
Young,16-49 years,"1,186"
Young,50-64 years,"1,475"
Young,65-79 years,"2,392"
Young,80+ years,853
Young,Unknown,4
Zapata,16-49 years,"2,189"
Zapata,50-64 years,"1,367"
Zapata,65-79 years,"1,359"
Zapata,80+ years,389
Zapata,Unknown,1
Zavala,16-49 years,"1,922"
Zavala,50-64 years,"1,490"
Zavala,65-79 years,"1,356"
Zavala,80+ years,327
Zavala,Unknown,3
Other,16-49 years,"153,516"
Other,50-64 years,"124,517"
Other,65-79 years,"95,566"
Other,80+ years,"43,236"
Other,Unknown,99
Grand Total,Total,"9,319,666"
,,
,,
,,
,,
,,
,,
,,
,,
,,
,,
,,
,,
,,
,,
,,
,,
,,
,,
,,
,,
,,
,,
,,
,,
,,
,,
,,
,,
,,
,,
,,
,,
,,
,,
,,
,,
,,
,,
,,
,,
,,
,,
,,
,,
,,
,,
,,
,,
,,
,,
,,
,,
,,
,,
,,
,,
,,
,,
,,
,,
,,
,,
,,
,,
,,
,,
,,
,,
,,
,,
,,
,,
,,
,,
,,
,,
,,
,,
,,
,,
,,
,,
,,
,,
,,
,,
,,
,,
,,
,,
,,
,,
,,
,,
,,
,,
,,
,,
,,
,,
,,
,,
,,
,,
,,
,,
,,
,,
,,
,,
,,
,,
,,
,,
,,
,,
,,
,,
,,
,,
,,
,,
,,
,,
,,
,,
,,
,,
,,
,,
,,
,,
,,
,,
,,
,,
,,
,,
,,
,,
,,
,,
,,
,,
,,
,,
,,
,,
,,
,,
,,
,,
,,
,,
,,
,,
,,
,,
,,
,,
,,
,,
,,
,,
,,
,,
,,
,,
,,
,,
,,
,,
,,
,,
,,
,,
,,
,,
,,
,,
,,
,,
,,
,,
,,
,,
,,
,,
,,
,,
,,
,,
,,
,,
,,
,,
,,
,,
,,
,,
,,
,,
,,
,,
,,
,,
,,
,,
,,
,,
,,
,,
,,
,,
,,
,,
,,
,,
,,
,,
,,
,,
,,
,,
,,
,,
,,
,,
,,
,,
,,
,,
,,
,,
,,
,,
,,
,,
,,
,,
,,
,,
,,
,,
,,
,,
,,
,,
,,
,,
,,
,,
,,
,,
,,
,,
,,
,,
,,
,,
,,
,,
,,
,,
,,
,,
,,
,,
,,
,,
,,
,,
,,
,,
,,
,,